"","x"
"1","_Faustus_"
"2","_swank_"
"3",";"
"4","06deluxerider"
"5","1000dfrntdirections"
"6","12bucks"
"7","1945babs"
"8","19August63;"
"9","2getreal"
"10","2GreyCats"
"11","2kittyBiddy"
"12","33andADHD"
"13","33Smiles"
"14","50copcar91"
"15","5ackesea1"
"16","5grammy"
"17","77elizabeth"
"18","84Jenn"
"19","AaronTellez20"
"20","abakale"
"21","abalonia"
"22","abcat2000"
"23","abrown176"
"24","acgraybill78"
"25","acrylic67"
"26","adatsonn"
"27","adayinfog"
"28","AddMoma"
"29","addmomx4"
"30","ADubsHD"
"31","ahutchek"
"32","airplanerv4"
"33","akerlin"
"34","alanrm24"
"35","All_is_One"
"36","allisonludwig"
"37","AllyJa"
"38","alonebychoice"
"39","amanda2581"
"40","amhnumber3"
"41","andprice"
"42","angel1495"
"43","Angelgyrl"
"44","angie_b1976"
"45","animalbuddy"
"46","anitalk37"
"47","annette030"
"48","Anneymay54"
"49","annielowe"
"50","annmike"
"51","arealgijoe"
"52","ariauna_x"
"53","arnie88"
"54","Arrow84"
"55","ash8885"
"56","ashley565"
"57","AshleyNicholas"
"58","Ashluke"
"59","athania"
"60","aubrey1203"
"61","auriga1"
"62","AustinTodd"
"63","autismsucks"
"64","babb2801"
"65","babygoose13"
"66","BackPainSucks"
"67","backsurgery2"
"68","bamagirl8119"
"69","bankerjosh"
"70","BarbaraE1951"
"71","Barefooter77"
"72","barsydee"
"73","baughc"
"74","Bauxitemim"
"75","beangal"
"76","Beauregard25"
"77","beckhoff"
"78","BellsNest"
"79","bes22"
"80","betaquartz"
"81","bgbillyb"
"82","bggboro"
"83","Bgreenst"
"84","Bianca_Thompson"
"85","billw5012"
"86","billybump"
"87","bionic_hip_man"
"88","bjuser"
"89","bkatz1983"
"90","blacksheep77us"
"91","Bleuizes"
"92","blkpony"
"93","bluefairy75"
"94","bluester10"
"95","Bluinkgirl"
"96","blukitty"
"97","BmarieRN"
"98","bonii"
"99","booberryjuice"
"100","boss302kirk"
"101","Boyzmomee"
"102","Bozo33"
"103","BRADYBALLS"
"104","brand0n"
"105","breast_cancer06"
"106","BrenBren30813"
"107","BRIANQCP"
"108","brokenspur64"
"109","brooklynn45"
"110","Brooklynnite"
"111","Burleya"
"112","BurnSith"
"113","butterfly_gurl"
"114","Byroney_WebMD_Staff"
"115","cablegirl09"
"116","cafelaurie"
"117","canttrustit"
"118","Caprice_WebMD_Staff"
"119","CaringGF"
"120","CarlottaDelRay"
"121","carter66"
"122","caseyisaacs"
"123","casmalia"
"124","Catpaul"
"125","Catwoman88"
"126","cavalryscout33"
"127","CBR1000RR"
"128","ceceh42"
"129","cenehrkorn"
"130","cgk245"
"131","chad1022"
"132","charity1234"
"133","chattycathy1957"
"134","cheddar15"
"135","Chelsis88"
"136","chenry1408"
"137","Chetfan"
"138","chewynose"
"139","Chillyhome"
"140","china_cat84"
"141","chkppam"
"142","choo_chu"
"143","Chris_WebMD_Staff"
"144","chrisouthohio"
"145","ChristianAngel09"
"146","ChristophorM"
"147","christy261983"
"148","chronicpaingirl"
"149","chygrl"
"150","chzr73"
"151","citymomntex"
"152","cjh1203"
"153","CJS78"
"154","CK070731"
"155","cleandatup"
"156","Cleopatrah"
"157","Clever_Jackal"
"158","Clipperstar"
"159","cnycarnut"
"160","coffeykid2"
"161","ColColt45"
"162","concernedmother76"
"163","ConcernedSis1973"
"164","concernforbrotherslife"
"165","Connorsmomloveshim"
"166","ConstantPain1984"
"167","construct4u"
"168","cookiedog"
"169","corlaw"
"170","court1204"
"171","cping1"
"172","CraigRPh"
"173","crazylegs1947"
"174","CRPShellp"
"175","crystalm4"
"176","cupid1031"
"177","curfa"
"178","curiousme46"
"179","Currants"
"180","cweinbl"
"181","cybil53"
"182","DaBoyz"
"183","dackry"
"184","dafamily4"
"185","daffydaisey"
"186","daishiv"
"187","DAME508"
"188","danjlil43515"
"189","Darnall"
"190","Databit"
"191","Daveyfeelingbetter"
"192","DavidHueben"
"193","dawn_believes"
"194","dayprogal"
"195","dcbdtbl"
"196","debbie4113"
"197","debefc"
"198","debralynne"
"199","debyred"
"200","deer79"
"201","delphitfg"
"202","demetrio3"
"203","Den70"
"204","Denial741974"
"205","denz7"
"206","depressed_one"
"207","desryder"
"208","desutibr"
"209","dfoelker"
"210","dfwright9"
"211","dgarner11"
"212","Dgranny"
"213","dharma04101"
"214","DiabetesDanny"
"215","DianeR01"
"216","dibbits0530"
"217","dillray1"
"218","directedbyhp"
"219","dirtmod23g"
"220","DisHammerhand"
"221","djthomas62"
"222","dlank"
"223","dmc102901"
"224","dnmhr"
"225","dogbusters"
"226","dogrunner"
"227","dogsnbikes"
"228","dogvet"
"229","DogzRule"
"230","DonnaBea"
"231","DonnaOT"
"232","duadem"
"233","Dulce316"
"234","dutchess4jc"
"235","duzzy4"
"236","DZumbahlen"
"237","E_Roan"
"238","earlybird72"
"239","EARTHANGEL1970"
"240","edswife02"
"241","educator2000"
"242","edwagallag;"
"243","ejohnston63"
"244","elioflight"
"245","ellen2881"
"246","ellua"
"247","elsolnj"
"248","emrldeyz80"
"249","ender8029"
"250","erica_2010"
"251","Erik0105"
"252","Ev111"
"253","exintrovert"
"254","faitheleanor"
"255","fan4ever3"
"256","Fancyface23"
"257","farmike"
"258","favoredchild1"
"259","feelinghigh"
"260","felinemommy"
"261","fergieqb"
"262","fibrogirl76"
"263","fibropain1"
"264","FINALLY55"
"265","findingmyplace"
"266","fineb405"
"267","firefly0576"
"268","fireislandgirl"
"269","flacoman954"
"270","flan421"
"271","flatcake"
"272","flowersblue"
"273","flsnowflake"
"274","flutetooter"
"275","forcep"
"276","forgetful88"
"277","formyboyz"
"278","Fouru2nv23"
"279","freedom1960"
"280","freerhon"
"281","future40"
"282","futurexboy2"
"283","fuzzychik"
"284","gabby1771"
"285","gailb54"
"286","Galaqueen"
"287","gary0521"
"288","gc1965"
"289","geewiz01"
"290","geogator"
"291","Geradine4733"
"292","Getawayplan"
"293","gettinheathy"
"294","ggl1943"
"295","gimpyD"
"296","GinaPera"
"297","GingerKohler"
"298","gipath"
"299","GirlscoutMomma"
"300","gjac413"
"301","glennet1977"
"302","glo58"
"303","gloworm99412"
"304","glrhelper"
"305","Glucose120"
"306","gneebean"
"307","go_cats"
"308","golddustwoman62"
"309","GoldieA"
"310","Gonnamissmyson"
"311","goodmorningsunshine"
"312","gotbaka"
"313","gramma_sal"
"314","greg8846"
"315","grinch39"
"316","Guido1963"
"317","gwtw1939"
"318","Gypsy12345"
"319","GypsyPants"
"320","hairdiva1969"
"321","hakio"
"322","Handyman45"
"323","Hapepoppop"
"324","harleyhoney2130"
"325","HealthyOutlook"
"326","Heartsongs"
"327","Heathersmith26"
"328","HERROYALEVILNESS"
"329","HollyLani"
"330","Hondaddy"
"331","Hootyowl2"
"332","HOPE_1207"
"333","horseluver4"
"334","hrmonkeymom"
"335","hurts2beme"
"336","hyperallison"
"337","iamsheera"
"338","ifnot4hisgrace"
"339","iGitEm"
"340","ihaveonetoo"
"341","imagrandma"
"342","imhappybeingme"
"343","imsoflyy101"
"344","inbigfoot"
"345","indeedsangel"
"346","ineedstregnth"
"347","InTheSun"
"348","iremom1"
"349","ironman97176"
"350","Irradiator"
"351","istherehelpoutthere"
"352","it_fitz;"
"353","itperson"
"354","iveserson"
"355","izt"
"356","j_watson"
"357","jacksnana49"
"358","jamieafischer"
"359","janimalover"
"360","jasbe"
"361","jaxbluegoose2"
"362","Jaxlast"
"363","jcharawell21"
"364","jdiakiw"
"365","jdsham2004"
"366","Jeaniac"
"367","jeena459"
"368","jeffbrano"
"369","jeffiner360"
"370","jenlynnand"
"371","jenncurt2"
"372","jennnc121;"
"373","JerEderd"
"374","jessdes"
"375","jessicobb"
"376","JessieLeigh13"
"377","jewel2706"
"378","jhnsalis1"
"379","jhorton6"
"380","jhwilding16"
"381","jiggsup"
"382","jinks73"
"383","JJRosie"
"384","jkirk2112"
"385","jlcarter1"
"386","JMaureen"
"387","jme1313"
"388","jnjstar"
"389","JOCELYN48"
"390","JOEY624267"
"391","JohnProf"
"392","jolene1881"
"393","jolynn84"
"394","Joopman"
"395","Josephelk"
"396","Joyfulily"
"397","jrtrill"
"398","js921"
"399","jsbuttercup"
"400","JsGoldie"
"401","juicepluskids"
"402","JulieHELP"
"403","justjackie22"
"404","jwnpw"
"405","JY997"
"406","K_Kid"
"407","Kallismi"
"408","kansasnative"
"409","karanna"
"410","kasmit1952"
"411","kathigillean"
"412","KathyShugg"
"413","katlin18k"
"414","katsdorule"
"415","katt15"
"416","KbeLLa88"
"417","kbucklin"
"418","kcbscrapper"
"419","ke4rvf"
"420","kebren"
"421","Kel89"
"422","KellieBurghart"
"423","kendyf"
"424","kidsfulltimejob"
"425","kiki745"
"426","kimwood1"
"427","kingdavidsbaby"
"428","kirk1972"
"429","KittyKatJenn"
"430","kjacangles"
"431","kk5484"
"432","kkl05"
"433","klc9100"
"434","klh710"
"435","kmj1966"
"436","knight9702"
"437","KokoNascha"
"438","kristinliz71"
"439","kwellhausen;"
"440","lady_sakura"
"441","Ladybug17331"
"442","ladyfain7"
"443","LadyRoses;"
"444","LanaADHD"
"445","laporte2006"
"446","Lauden89"
"447","laura2gemini2"
"448","laurie824"
"449","ldoyle0402"
"450","LesaH"
"451","lestatsminx"
"452","letsgetwell"
"453","Lexman"
"454","lgreene103"
"455","lgtc"
"456","liebgirl"
"457","lildsmom"
"458","lillynnie1"
"459","lilmissylfz"
"460","LindaBel2010"
"461","Linzo888"
"462","linzybinzy"
"463","Lion_Lady"
"464","Lisa26796"
"465","Lisa3kids"
"466","Lisagayestrangeford"
"467","Lisajeanne13"
"468","lisasway"
"469","LisaWatts"
"470","lismik"
"471","LittleBabyTalk"
"472","littlebunny366"
"473","LittleTommyToe"
"474","littletwister1963"
"475","littletwister19634"
"476","Lizzygirl27"
"477","LJAndieRNP"
"478","llLeoll"
"479","lmg8690"
"480","lollipop222"
"481","looloo1122"
"482","Lorilou65"
"483","Louise_WebMD_Staff"
"484","louviv95"
"485","love_eyeore"
"486","lovedl"
"487","lovespainting"
"488","lovingwife10"
"489","lovmom"
"490","lrd12000"
"491","lrk55"
"492","Luis520"
"493","LukeH"
"494","lunargoddess"
"495","LuvMe123"
"496","LuxuryCar50"
"497","lvcigarz"
"498","lynae88"
"499","Lynn821"
"500","M4EALLEN"
"501","Maddyroni"
"502","Madis_Poppy"
"503","madkat0417"
"504","mae527"
"505","maf1985"
"506","MagNaStar"
"507","Malik1980"
"508","Mallardman"
"509","mama2dsg"
"510","mandmphillips"
"511","MANDYROSEVERA"
"512","Manoa888"
"513","Manoj_in_Bangalore"
"514","marmarloop77"
"515","marsh_mellow"
"516","marsh246"
"517","MartinD42"
"518","mary5545"
"519","mbingaman"
"520","mcastillo1960"
"521","MegElaine8"
"522","melissa_has_fallen_apart"
"523","melissamae2009"
"524","Melly_5977"
"525","memyselfandi19"
"526","Meowler"
"527","merski"
"528","mhall6252"
"529","Mich217"
"530","Michael_Dansinger_MD"
"531","Michael66049"
"532","mici0427"
"533","micks12"
"534","middleaged1954"
"535","MIHyper"
"536","millivan"
"537","mind_situation"
"538","missbeppy"
"539","MissKay2009"
"540","missy99687"
"541","mistypoe"
"542","MitraP"
"543","mkcrad"
"544","mlbbarry"
"545","mlleBrie"
"546","MLPena"
"547","mmmfeelbad"
"548","mntngirl"
"549","MO_Survivor"
"550","MockBe"
"551","Moluchka"
"552","mom2fourangels"
"553","mommie12356"
"554","momscrazyw2livelybabes"
"555","momuv4girls"
"556","moonbeamgarden1"
"557","MOSue"
"558","motherofrob"
"559","MPS4me"
"560","MrsCora01"
"561","mrskeafer"
"562","mrstwood"
"563","MsBunky"
"564","msmachetti"
"565","msrytw"
"566","MtnJon"
"567","MtrSims"
"568","MudBug09"
"569","Munch1967"
"570","MY4YROLD"
"571","n2ativ"
"572","nataliemays"
"573","nate14"
"574","ndnbutterfly"
"575","nick_2109"
"576","nixie99"
"577","Nixmama"
"578","njohnson1975"
"579","nocouchpotatoes"
"580","nokhodchi"
"581","Nonni28"
"582","nooks34983"
"583","nosoupforyou"
"584","NotCrazyNow"
"585","npainjoslin"
"586","Oaklee"
"587","OLDMARINER95"
"588","onetogo2012"
"589","onlyme1010"
"590","OpiateAddict"
"591","OrangeRanda"
"592","oregon3"
"593","osage104"
"594","oscarivera9"
"595","osiag"
"596","ouchiam"
"597","P1231"
"598","packerbacker59"
"599","pain2130"
"600","painbear"
"601","PainFilledLife"
"602","PainManager007"
"603","painpro"
"604","Palmtree1963"
"605","pankel"
"606","parent3512"
"607","PBwithJ"
"608","pdoogs"
"609","pebbleshastype2"
"610","pebbleshull"
"611","Pennynicole"
"612","PenP"
"613","Perryman5000"
"614","pfsummers"
"615","phall2006"
"616","phototaker"
"617","picketyfence"
"618","piggy80218"
"619","Piper85"
"620","pixie1021"
"621","pizzacakes17"
"622","PJohns"
"623","plantflowers"
"624","postalcutey"
"625","PrayerHelps"
"626","PrettyKitty123"
"627","ProudDad3"
"628","purplebutterflytg"
"629","pushingforward"
"630","Putty58"
"631","Radioboy1967"
"632","raeraegirl"
"633","RafaSusanMom"
"634","rcleo"
"635","rea88"
"636","realbiglu"
"637","retiredgramps"
"638","revgrn"
"639","rhondajeanperry"
"640","rico903"
"641","rinky_dink"
"642","ripro;"
"643","rister"
"644","rjat2480"
"645","rjoshh"
"646","Rkinch"
"647","rmckwn"
"648","rmiller415"
"649","RMZWALD"
"650","robert_cameron_jr"
"651","rocket28"
"652","rooooon"
"653","RoseDakota"
"654","roselp"
"655","roxmar57"
"656","rpmhouse"
"657","RSDhurtzme"
"658","rubberduckybug"
"659","rubberyducky"
"660","rubystar2"
"661","rudnxtx"
"662","RustyB75"
"663","ryan_"
"664","rymbaby"
"665","saaaaaamantha"
"666","Sam0615"
"667","sama50"
"668","samsnodgr"
"669","sandie_law"
"670","Sandyshores86"
"671","sarahb1972"
"672","SarahMorris2"
"673","sarena1976"
"674","Savage223"
"675","SavannahCulpepper"
"676","savvenire"
"677","savvy24"
"678","sb1958"
"679","sbrittain"
"680","SCCatman"
"681","schuljm4"
"682","scocci"
"683","Seamus_mommy"
"684","seaturtlegreen"
"685","SecretMe7"
"686","seekinganswe"
"687","Sena28"
"688","serendipity888"
"689","SEstes501"
"690","sevenwords"
"691","sewingmawmaw"
"692","Shark45"
"693","sheenanichols"
"694","sheilalash"
"695","Sherri1147"
"696","SilverLynn"
"697","SkyGirl1984"
"698","Sla2010"
"699","sleepingirl"
"700","smile75"
"701","smilecd"
"702","smip"
"703","smrdg"
"704","snowpup46"
"705","socialworkertypeI"
"706","Solano1;"
"707","sonya923"
"708","sparklegirl201"
"709","sportstermegster"
"710","sprogers"
"711","squeaky68"
"712","Squick1958"
"713","ssorja"
"714","Stagebear"
"715","Starie68"
"716","StarSweptBaby"
"717","steph_a"
"718","steve4545"
"719","stevesac"
"720","stillcrazy93514"
"721","stinkerbell13"
"722","stockrunner"
"723","stove920"
"724","Stressed_In_Seattle"
"725","subutexstacy"
"726","summerheaven"
"727","sunnyNCmommy"
"728","sunshinenuna"
"729","svaughn"
"730","swatts9155"
"731","Sway35"
"732","SwEetCanDee"
"733","swimKE"
"734","sydbean6464"
"735","Sylviacooley"
"736","sympathizer"
"737","T10313"
"738","Tab19"
"739","takenrn1130"
"740","tammylg"
"741","Tanikit"
"742","Taximan283"
"743","Tchild1950"
"744","TCMG"
"745","tconner41"
"746","tdcarson"
"747","TDXSP08"
"748","teddybear200"
"749","tedikay87"
"750","tee_trotter"
"751","Teenwtype1"
"752","teeny79"
"753","tello81"
"754","teresakitty2"
"755","tessaspop"
"756","TessMesser"
"757","TexasAutoInsurance"
"758","TheBJP"
"759","thelorax55"
"760","thumpersalley"
"761","tiamo167"
"762","Tiaras4us"
"763","Tigergr"
"764","tina0309"
"765","tkmunley"
"766","tlrobe"
"767","tobedazzled"
"768","Tom83"
"769","tonda72"
"770","tonihaire"
"771","tonrhee"
"772","tornado_scott"
"773","travelfly"
"774","Trena2010"
"775","troland1113"
"776","Trudy292"
"777","trumpetteen417"
"778","TUANIS"
"779","Tuberculin"
"780","Turnbacktime"
"781","Turtleread"
"782","type1wife"
"783","ubetubet"
"784","ugur64"
"785","UndertheOaks"
"786","UnhappyBelly"
"787","unknown"
"788","urkiddn"
"789","Variable1"
"790","velvet1982"
"791","VidaMama"
"792","voisine"
"793","voodoochild29"
"794","vpritner"
"795","wags1960"
"796","WarkenRN"
"797","watertoys"
"798","webans"
"799","Welmik"
"800","Wezzy43"
"801","Whatever_123"
"802","Whoami1968"
"803","wickedabby"
"804","WifeofADHDhusband"
"805","wifeoftoolow"
"806","wilburthecat"
"807","will63"
"808","Windchime2004"
"809","windtalkerr"
"810","wishfulthinkingmama"
"811","wolf_fang94"
"812","wonderiny"
"813","woodenheart"
"814","worleygurl"
"815","wright1979"
"816","xoC0WGIRL92xo"
"817","xpainx"
"818","xring"
"819","XsarrowXsoulX"
"820","Xx_Indigo_xX"
"821","xxxstar_shinexxx"
"822","yiannid"
"823","YumaMamaLama"
"824","zanychick"
"825","ZedDe"
"826","zooman2012"
"827","zsolzai"
